what,kind,bundleId,bundleVersion,description,time
executed,command,org.eclipse.ui,3.6.0.I20100603-1100,"org.eclipse.ui.file.close",1490284824875
executed,command,org.eclipse.ui,3.6.0.I20100603-1100,"org.eclipse.ui.edit.selectAll",1490284826876
executed,command,org.eclipse.ui,3.6.0.I20100603-1100,"org.eclipse.ui.edit.undo",1490284828131
activated,editor,org.eclipse.php.ui,2.2.0.v20100616-1900,"org.eclipse.php.editor",1490284837300
activated,editor,org.eclipse.php.ui,2.2.0.v20100616-1900,"org.eclipse.php.editor",1490284844066
executed,command,org.eclipse.ui,3.6.0.I20100603-1100,"org.eclipse.ui.file.save",1490284845108
deactivated,workbench,org.eclipse.ui.workbench,3.6.0.I20100603-1100,"",1490284850874
activated,workbench,org.eclipse.ui.workbench,3.6.0.I20100603-1100,"",1490284861843
opened,editor,org.eclipse.php.ui,2.2.0.v20100616-1900,"org.eclipse.php.editor",1490284862617
activated,editor,org.eclipse.php.ui,2.2.0.v20100616-1900,"org.eclipse.php.editor",1490284862687
executed,command,org.eclipse.ui.ide,3.6.0.I20100601-0800,"org.eclipse.ui.edit.text.openLocalFile",1490284862688
deactivated,workbench,org.eclipse.ui.workbench,3.6.0.I20100603-1100,"",1490284867977
activated,workbench,org.eclipse.ui.workbench,3.6.0.I20100603-1100,"",1490284908130
deactivated,workbench,org.eclipse.ui.workbench,3.6.0.I20100603-1100,"",1490285062762
activated,workbench,org.eclipse.ui.workbench,3.6.0.I20100603-1100,"",1490285448598
deactivated,workbench,org.eclipse.ui.workbench,3.6.0.I20100603-1100,"",1490285460776
activated,workbench,org.eclipse.ui.workbench,3.6.0.I20100603-1100,"",1490285495601
executed,command,org.eclipse.ui,3.6.0.I20100603-1100,"org.eclipse.ui.edit.paste",1490285500489
executed,command,org.eclipse.ui,3.6.0.I20100603-1100,"org.eclipse.ui.file.save",1490285522148
deactivated,workbench,org.eclipse.ui.workbench,3.6.0.I20100603-1100,"",1490285523608
activated,workbench,org.eclipse.ui.workbench,3.6.0.I20100603-1100,"",1490285541418
deactivated,workbench,org.eclipse.ui.workbench,3.6.0.I20100603-1100,"",1490285541613
activated,workbench,org.eclipse.ui.workbench,3.6.0.I20100603-1100,"",1490285541943
executed,command,org.eclipse.ui,3.6.0.I20100603-1100,"org.eclipse.ui.file.save",1490285558949
activated,editor,org.eclipse.php.ui,2.2.0.v20100616-1900,"org.eclipse.php.editor",1490285559027
closed,editor,org.eclipse.php.ui,2.2.0.v20100616-1900,"org.eclipse.php.editor",1490285559027
executed,command,org.eclipse.ui,3.6.0.I20100603-1100,"org.eclipse.ui.file.close",1490285559163
deactivated,workbench,org.eclipse.ui.workbench,3.6.0.I20100603-1100,"",1490285564952
activated,workbench,org.eclipse.ui.workbench,3.6.0.I20100603-1100,"",1490285570197
opened,editor,org.eclipse.php.ui,2.2.0.v20100616-1900,"org.eclipse.php.editor",1490285570900
activated,editor,org.eclipse.php.ui,2.2.0.v20100616-1900,"org.eclipse.php.editor",1490285570990
executed,command,org.eclipse.ui.ide,3.6.0.I20100601-0800,"org.eclipse.ui.edit.text.openLocalFile",1490285571001
deactivated,workbench,org.eclipse.ui.workbench,3.6.0.I20100603-1100,"",1490285589456
activated,workbench,org.eclipse.ui.workbench,3.6.0.I20100603-1100,"",1490285600006
executed,command,org.eclipse.ui,3.6.0.I20100603-1100,"org.eclipse.ui.file.save",1490285662448
deactivated,workbench,org.eclipse.ui.workbench,3.6.0.I20100603-1100,"",1490285664743
activated,workbench,org.eclipse.ui.workbench,3.6.0.I20100603-1100,"",1490285711278
executed,command,org.eclipse.ui,3.6.0.I20100603-1100,"org.eclipse.ui.file.save",1490285736646
deactivated,workbench,org.eclipse.ui.workbench,3.6.0.I20100603-1100,"",1490285738421
activated,workbench,org.eclipse.ui.workbench,3.6.0.I20100603-1100,"",1490285768763
started,bundle,org.eclipse.dltk.validators.ui,2.0.0.v20091214-1712,"org.eclipse.dltk.validators.ui",1490285783860
started,bundle,org.eclipse.dltk.validators.core,1.0.0.v20100524-0038,"org.eclipse.dltk.validators.core",1490285783888
started,bundle,org.eclipse.dltk.validators.externalchecker,1.0.0.v20090803-1754,"org.eclipse.dltk.validators.externalchecker",1490285783942
executed,command,org.eclipse.ui,3.6.0.I20100603-1100,"org.eclipse.ui.edit.copy",1490285807714
executed,command,org.eclipse.ui,3.6.0.I20100603-1100,"org.eclipse.ui.edit.copy",1490285821478
executed,command,org.eclipse.ui,3.6.0.I20100603-1100,"org.eclipse.ui.edit.paste",1490285823602
executed,command,org.eclipse.ui,3.6.0.I20100603-1100,"org.eclipse.ui.file.save",1490285859282
deactivated,workbench,org.eclipse.ui.workbench,3.6.0.I20100603-1100,"",1490285860864
activated,workbench,org.eclipse.ui.workbench,3.6.0.I20100603-1100,"",1490288051700
deactivated,workbench,org.eclipse.ui.workbench,3.6.0.I20100603-1100,"",1490288058217
activated,workbench,org.eclipse.ui.workbench,3.6.0.I20100603-1100,"",1490288086742
executed,command,org.eclipse.ui,3.6.0.I20100603-1100,"org.eclipse.ui.edit.copy",1490288099212
executed,command,org.eclipse.ui,3.6.0.I20100603-1100,"org.eclipse.ui.edit.paste",1490288104338
executed,command,org.eclipse.ui,3.6.0.I20100603-1100,"org.eclipse.ui.file.save",1490288146057
deactivated,workbench,org.eclipse.ui.workbench,3.6.0.I20100603-1100,"",1490288157244
activated,workbench,org.eclipse.ui.workbench,3.6.0.I20100603-1100,"",1490288201532
deactivated,workbench,org.eclipse.ui.workbench,3.6.0.I20100603-1100,"",1490288205577
activated,workbench,org.eclipse.ui.workbench,3.6.0.I20100603-1100,"",1490288206770
deactivated,workbench,org.eclipse.ui.workbench,3.6.0.I20100603-1100,"",1490288230686
activated,workbench,org.eclipse.ui.workbench,3.6.0.I20100603-1100,"",1490288262733
deactivated,workbench,org.eclipse.ui.workbench,3.6.0.I20100603-1100,"",1490288285117
activated,workbench,org.eclipse.ui.workbench,3.6.0.I20100603-1100,"",1490288309182
deactivated,workbench,org.eclipse.ui.workbench,3.6.0.I20100603-1100,"",1490288379366
activated,workbench,org.eclipse.ui.workbench,3.6.0.I20100603-1100,"",1490288394041
deactivated,workbench,org.eclipse.ui.workbench,3.6.0.I20100603-1100,"",1490288394084
activated,workbench,org.eclipse.ui.workbench,3.6.0.I20100603-1100,"",1490288395534
executed,command,org.eclipse.ui,3.6.0.I20100603-1100,"org.eclipse.ui.file.save",1490288406438
deactivated,workbench,org.eclipse.ui.workbench,3.6.0.I20100603-1100,"",1490288407796
activated,workbench,org.eclipse.ui.workbench,3.6.0.I20100603-1100,"",1490288407885
deactivated,workbench,org.eclipse.ui.workbench,3.6.0.I20100603-1100,"",1490288410633
activated,workbench,org.eclipse.ui.workbench,3.6.0.I20100603-1100,"",1490288412311
deactivated,workbench,org.eclipse.ui.workbench,3.6.0.I20100603-1100,"",1490288413222
activated,workbench,org.eclipse.ui.workbench,3.6.0.I20100603-1100,"",1490288446613
opened,editor,org.eclipse.php.ui,2.2.0.v20100616-1900,"org.eclipse.php.editor",1490288453004
activated,editor,org.eclipse.php.ui,2.2.0.v20100616-1900,"org.eclipse.php.editor",1490288453077
deactivated,workbench,org.eclipse.ui.workbench,3.6.0.I20100603-1100,"",1490288470333
activated,workbench,org.eclipse.ui.workbench,3.6.0.I20100603-1100,"",1490288475702
executed,command,org.eclipse.ui,3.6.0.I20100603-1100,"org.eclipse.ui.file.save",1490288479012
started,bundle,org.eclipse.wst.xsd.core,1.1.501.v201004110600,"org.eclipse.wst.xsd.core",1490288479386
started,bundle,org.eclipse.wst.web,1.1.400.v201005270700,"org.eclipse.wst.web",1490288479596
deactivated,workbench,org.eclipse.ui.workbench,3.6.0.I20100603-1100,"",1490288483083
activated,workbench,org.eclipse.ui.workbench,3.6.0.I20100603-1100,"",1490288502335
activated,editor,org.eclipse.php.ui,2.2.0.v20100616-1900,"org.eclipse.php.editor",1490288507266
activated,editor,org.eclipse.php.ui,2.2.0.v20100616-1900,"org.eclipse.php.editor",1490288528034
deactivated,workbench,org.eclipse.ui.workbench,3.6.0.I20100603-1100,"",1490288530705
activated,workbench,org.eclipse.ui.workbench,3.6.0.I20100603-1100,"",1490288541763
activated,editor,org.eclipse.php.ui,2.2.0.v20100616-1900,"org.eclipse.php.editor",1490288550838
executed,command,org.eclipse.ui,3.6.0.I20100603-1100,"org.eclipse.ui.file.save",1490288609327
deactivated,workbench,org.eclipse.ui.workbench,3.6.0.I20100603-1100,"",1490288610672
activated,workbench,org.eclipse.ui.workbench,3.6.0.I20100603-1100,"",1490288612107
deactivated,workbench,org.eclipse.ui.workbench,3.6.0.I20100603-1100,"",1490288615010
activated,workbench,org.eclipse.ui.workbench,3.6.0.I20100603-1100,"",1490288634909
executed,command,org.eclipse.ui,3.6.0.I20100603-1100,"org.eclipse.ui.edit.copy",1490288666097
activated,editor,org.eclipse.php.ui,2.2.0.v20100616-1900,"org.eclipse.php.editor",1490288668238
executed,command,org.eclipse.ui,3.6.0.I20100603-1100,"org.eclipse.ui.edit.paste",1490288701762
executed,command,org.eclipse.ui,3.6.0.I20100603-1100,"org.eclipse.ui.edit.undo",1490288710240
executed,command,org.eclipse.ui,3.6.0.I20100603-1100,"org.eclipse.ui.file.save",1490288730204
deactivated,workbench,org.eclipse.ui.workbench,3.6.0.I20100603-1100,"",1490288732305
activated,workbench,org.eclipse.ui.workbench,3.6.0.I20100603-1100,"",1490288777522
executed,command,org.eclipse.ui,3.6.0.I20100603-1100,"org.eclipse.ui.edit.copy",1490288786662
executed,command,org.eclipse.ui,3.6.0.I20100603-1100,"org.eclipse.ui.edit.paste",1490288798167
executed,command,org.eclipse.ui,3.6.0.I20100603-1100,"org.eclipse.ui.file.save",1490288857389
deactivated,workbench,org.eclipse.ui.workbench,3.6.0.I20100603-1100,"",1490288858591
activated,workbench,org.eclipse.ui.workbench,3.6.0.I20100603-1100,"",1490288869311
deactivated,workbench,org.eclipse.ui.workbench,3.6.0.I20100603-1100,"",1490288875807
activated,workbench,org.eclipse.ui.workbench,3.6.0.I20100603-1100,"",1490288876896
activated,editor,org.eclipse.php.ui,2.2.0.v20100616-1900,"org.eclipse.php.editor",1490288877056
executed,command,org.eclipse.ui,3.6.0.I20100603-1100,"org.eclipse.ui.edit.copy",1490288895045
activated,editor,org.eclipse.php.ui,2.2.0.v20100616-1900,"org.eclipse.php.editor",1490288901636
executed,command,org.eclipse.ui,3.6.0.I20100603-1100,"org.eclipse.ui.file.save",1490288948033
deactivated,workbench,org.eclipse.ui.workbench,3.6.0.I20100603-1100,"",1490288950645
activated,workbench,org.eclipse.ui.workbench,3.6.0.I20100603-1100,"",1490288974906
activated,editor,org.eclipse.php.ui,2.2.0.v20100616-1900,"org.eclipse.php.editor",1490289000566
deactivated,workbench,org.eclipse.ui.workbench,3.6.0.I20100603-1100,"",1490289002421
activated,workbench,org.eclipse.ui.workbench,3.6.0.I20100603-1100,"",1490289101309
opened,editor,org.eclipse.php.ui,2.2.0.v20100616-1900,"org.eclipse.php.editor",1490289105107
activated,editor,org.eclipse.php.ui,2.2.0.v20100616-1900,"org.eclipse.php.editor",1490289105170
executed,command,org.eclipse.ui,3.6.0.I20100603-1100,"org.eclipse.ui.file.save",1490289112366
activated,editor,org.eclipse.php.ui,2.2.0.v20100616-1900,"org.eclipse.php.editor",1490289113626
executed,command,org.eclipse.ui,3.6.0.I20100603-1100,"org.eclipse.ui.file.save",1490289119455
deactivated,workbench,org.eclipse.ui.workbench,3.6.0.I20100603-1100,"",1490289120978
activated,workbench,org.eclipse.ui.workbench,3.6.0.I20100603-1100,"",1490289181536
activated,editor,org.eclipse.php.ui,2.2.0.v20100616-1900,"org.eclipse.php.editor",1490289183161
executed,command,org.eclipse.ui,3.6.0.I20100603-1100,"org.eclipse.ui.file.save",1490289214874
deactivated,workbench,org.eclipse.ui.workbench,3.6.0.I20100603-1100,"",1490289216252
activated,workbench,org.eclipse.ui.workbench,3.6.0.I20100603-1100,"",1490289231183
deactivated,workbench,org.eclipse.ui.workbench,3.6.0.I20100603-1100,"",1490289272956
activated,workbench,org.eclipse.ui.workbench,3.6.0.I20100603-1100,"",1490289274688
executed,command,org.eclipse.ui,3.6.0.I20100603-1100,"org.eclipse.ui.edit.undo",1490289278326
deactivated,workbench,org.eclipse.ui.workbench,3.6.0.I20100603-1100,"",1490289362538
activated,workbench,org.eclipse.ui.workbench,3.6.0.I20100603-1100,"",1490289369645
deactivated,workbench,org.eclipse.ui.workbench,3.6.0.I20100603-1100,"",1490289379899
activated,workbench,org.eclipse.ui.workbench,3.6.0.I20100603-1100,"",1490289382175
executed,command,org.eclipse.ui,3.6.0.I20100603-1100,"org.eclipse.ui.file.save",1490289396735
deactivated,workbench,org.eclipse.ui.workbench,3.6.0.I20100603-1100,"",1490289398476
activated,workbench,org.eclipse.ui.workbench,3.6.0.I20100603-1100,"",1490289410110
executed,command,org.eclipse.ui,3.6.0.I20100603-1100,"org.eclipse.ui.edit.selectAll",1490289412897
executed,command,org.eclipse.ui,3.6.0.I20100603-1100,"org.eclipse.ui.edit.copy",1490289414078
deactivated,workbench,org.eclipse.ui.workbench,3.6.0.I20100603-1100,"",1490289415416
activated,workbench,org.eclipse.ui.workbench,3.6.0.I20100603-1100,"",1490289880863
deactivated,workbench,org.eclipse.ui.workbench,3.6.0.I20100603-1100,"",1490289880922
activated,workbench,org.eclipse.ui.workbench,3.6.0.I20100603-1100,"",1490289882567
activated,editor,org.eclipse.php.ui,2.2.0.v20100616-1900,"org.eclipse.php.editor",1490289885468
executed,command,org.eclipse.ui,3.6.0.I20100603-1100,"org.eclipse.ui.edit.copy",1490289906077
executed,command,org.eclipse.ui,3.6.0.I20100603-1100,"org.eclipse.ui.edit.paste",1490289908900
executed,command,org.eclipse.ui,3.6.0.I20100603-1100,"org.eclipse.ui.file.save",1490289938642
deactivated,workbench,org.eclipse.ui.workbench,3.6.0.I20100603-1100,"",1490289940819
activated,workbench,org.eclipse.ui.workbench,3.6.0.I20100603-1100,"",1490289977196
deactivated,workbench,org.eclipse.ui.workbench,3.6.0.I20100603-1100,"",1490289984684
activated,workbench,org.eclipse.ui.workbench,3.6.0.I20100603-1100,"",1490289985678
deactivated,workbench,org.eclipse.ui.workbench,3.6.0.I20100603-1100,"",1490290007567
activated,workbench,org.eclipse.ui.workbench,3.6.0.I20100603-1100,"",1490290010675
deactivated,workbench,org.eclipse.ui.workbench,3.6.0.I20100603-1100,"",1490290012365
activated,workbench,org.eclipse.ui.workbench,3.6.0.I20100603-1100,"",1490290077825
deactivated,workbench,org.eclipse.ui.workbench,3.6.0.I20100603-1100,"",1490290104031
activated,workbench,org.eclipse.ui.workbench,3.6.0.I20100603-1100,"",1490290126679
deactivated,workbench,org.eclipse.ui.workbench,3.6.0.I20100603-1100,"",1490290128288
activated,workbench,org.eclipse.ui.workbench,3.6.0.I20100603-1100,"",1490290129232
executed,command,org.eclipse.ui,3.6.0.I20100603-1100,"org.eclipse.ui.file.save",1490290148610
deactivated,workbench,org.eclipse.ui.workbench,3.6.0.I20100603-1100,"",1490290151092
activated,workbench,org.eclipse.ui.workbench,3.6.0.I20100603-1100,"",1490290260578
activated,editor,org.eclipse.php.ui,2.2.0.v20100616-1900,"org.eclipse.php.editor",1490290268143
deactivated,workbench,org.eclipse.ui.workbench,3.6.0.I20100603-1100,"",1490290279097
activated,workbench,org.eclipse.ui.workbench,3.6.0.I20100603-1100,"",1490290280202
deactivated,workbench,org.eclipse.ui.workbench,3.6.0.I20100603-1100,"",1490290378326
activated,workbench,org.eclipse.ui.workbench,3.6.0.I20100603-1100,"",1490290471558
executed,command,org.eclipse.ui,3.6.0.I20100603-1100,"org.eclipse.ui.file.save",1490290661037
deactivated,workbench,org.eclipse.ui.workbench,3.6.0.I20100603-1100,"",1490290662585
activated,workbench,org.eclipse.ui.workbench,3.6.0.I20100603-1100,"",1490290834461
deactivated,workbench,org.eclipse.ui.workbench,3.6.0.I20100603-1100,"",1490290868413
activated,workbench,org.eclipse.ui.workbench,3.6.0.I20100603-1100,"",1490290869468
deactivated,workbench,org.eclipse.ui.workbench,3.6.0.I20100603-1100,"",1490290882977
activated,workbench,org.eclipse.ui.workbench,3.6.0.I20100603-1100,"",1490290884465
deactivated,workbench,org.eclipse.ui.workbench,3.6.0.I20100603-1100,"",1490290891102
activated,workbench,org.eclipse.ui.workbench,3.6.0.I20100603-1100,"",1490290893415
deactivated,workbench,org.eclipse.ui.workbench,3.6.0.I20100603-1100,"",1490290979765
activated,workbench,org.eclipse.ui.workbench,3.6.0.I20100603-1100,"",1490290980782
executed,command,org.eclipse.ui,3.6.0.I20100603-1100,"org.eclipse.ui.edit.copy",1490291054693
executed,command,org.eclipse.ui,3.6.0.I20100603-1100,"org.eclipse.ui.edit.paste",1490291067840
executed,command,org.eclipse.ui,3.6.0.I20100603-1100,"org.eclipse.ui.edit.copy",1490291102315
executed,command,org.eclipse.ui,3.6.0.I20100603-1100,"org.eclipse.ui.edit.paste",1490291105811
executed,command,org.eclipse.ui,3.6.0.I20100603-1100,"org.eclipse.ui.edit.copy",1490291192736
executed,command,org.eclipse.ui,3.6.0.I20100603-1100,"org.eclipse.ui.edit.paste",1490291195857
deactivated,workbench,org.eclipse.ui.workbench,3.6.0.I20100603-1100,"",1490291414896
activated,workbench,org.eclipse.ui.workbench,3.6.0.I20100603-1100,"",1490291415904
deactivated,workbench,org.eclipse.ui.workbench,3.6.0.I20100603-1100,"",1490291416667
activated,workbench,org.eclipse.ui.workbench,3.6.0.I20100603-1100,"",1490291418489
executed,command,org.eclipse.ui,3.6.0.I20100603-1100,"org.eclipse.ui.edit.copy",1490291559819
deactivated,workbench,org.eclipse.ui.workbench,3.6.0.I20100603-1100,"",1490291562087
activated,workbench,org.eclipse.ui.workbench,3.6.0.I20100603-1100,"",1490291563261
executed,command,org.eclipse.ui,3.6.0.I20100603-1100,"org.eclipse.ui.edit.paste",1490291618385
executed,command,org.eclipse.ui,3.6.0.I20100603-1100,"org.eclipse.ui.file.save",1490291820852
deactivated,workbench,org.eclipse.ui.workbench,3.6.0.I20100603-1100,"",1490291822106
activated,workbench,org.eclipse.ui.workbench,3.6.0.I20100603-1100,"",1490292012008
deactivated,workbench,org.eclipse.ui.workbench,3.6.0.I20100603-1100,"",1490292014932
activated,workbench,org.eclipse.ui.workbench,3.6.0.I20100603-1100,"",1490292016060
deactivated,workbench,org.eclipse.ui.workbench,3.6.0.I20100603-1100,"",1490292018065
activated,workbench,org.eclipse.ui.workbench,3.6.0.I20100603-1100,"",1490292019119
deactivated,workbench,org.eclipse.ui.workbench,3.6.0.I20100603-1100,"",1490292020397
activated,workbench,org.eclipse.ui.workbench,3.6.0.I20100603-1100,"",1490292026051
deactivated,workbench,org.eclipse.ui.workbench,3.6.0.I20100603-1100,"",1490292031160
activated,workbench,org.eclipse.ui.workbench,3.6.0.I20100603-1100,"",1490292032515
deactivated,workbench,org.eclipse.ui.workbench,3.6.0.I20100603-1100,"",1490292078536
activated,workbench,org.eclipse.ui.workbench,3.6.0.I20100603-1100,"",1490292079801
deactivated,workbench,org.eclipse.ui.workbench,3.6.0.I20100603-1100,"",1490292107161
activated,workbench,org.eclipse.ui.workbench,3.6.0.I20100603-1100,"",1490292108247
deactivated,workbench,org.eclipse.ui.workbench,3.6.0.I20100603-1100,"",1490292177065
activated,workbench,org.eclipse.ui.workbench,3.6.0.I20100603-1100,"",1490292178141
deactivated,workbench,org.eclipse.ui.workbench,3.6.0.I20100603-1100,"",1490292283690
activated,workbench,org.eclipse.ui.workbench,3.6.0.I20100603-1100,"",1490292285559
executed,command,org.eclipse.ui,3.6.0.I20100603-1100,"org.eclipse.ui.edit.copy",1490292621872
executed,command,org.eclipse.ui,3.6.0.I20100603-1100,"org.eclipse.ui.edit.paste",1490292626371
executed,command,org.eclipse.ui,3.6.0.I20100603-1100,"org.eclipse.ui.edit.paste",1490292629986
deactivated,workbench,org.eclipse.ui.workbench,3.6.0.I20100603-1100,"",1490292637745
activated,workbench,org.eclipse.ui.workbench,3.6.0.I20100603-1100,"",1490292638724
deactivated,workbench,org.eclipse.ui.workbench,3.6.0.I20100603-1100,"",1490292641369
activated,workbench,org.eclipse.ui.workbench,3.6.0.I20100603-1100,"",1490292642621
deactivated,workbench,org.eclipse.ui.workbench,3.6.0.I20100603-1100,"",1490293281658
activated,workbench,org.eclipse.ui.workbench,3.6.0.I20100603-1100,"",1490293430632
executed,command,org.eclipse.ui,3.6.0.I20100603-1100,"org.eclipse.ui.file.save",1490293434147
deactivated,workbench,org.eclipse.ui.workbench,3.6.0.I20100603-1100,"",1490293436354
activated,workbench,org.eclipse.ui.workbench,3.6.0.I20100603-1100,"",1490293613862
deactivated,workbench,org.eclipse.ui.workbench,3.6.0.I20100603-1100,"",1490293711446
activated,workbench,org.eclipse.ui.workbench,3.6.0.I20100603-1100,"",1490293734146
executed,command,org.eclipse.ui,3.6.0.I20100603-1100,"org.eclipse.ui.edit.copy",1490293760598
executed,command,org.eclipse.ui,3.6.0.I20100603-1100,"org.eclipse.ui.edit.paste",1490293769456
executed,command,org.eclipse.ui,3.6.0.I20100603-1100,"org.eclipse.ui.file.save",1490293775106
deactivated,workbench,org.eclipse.ui.workbench,3.6.0.I20100603-1100,"",1490293777292
activated,workbench,org.eclipse.ui.workbench,3.6.0.I20100603-1100,"",1490294149967
deactivated,workbench,org.eclipse.ui.workbench,3.6.0.I20100603-1100,"",1490294180160
activated,workbench,org.eclipse.ui.workbench,3.6.0.I20100603-1100,"",1490294185392
executed,command,org.eclipse.ui,3.6.0.I20100603-1100,"org.eclipse.ui.file.save",1490294236187
deactivated,workbench,org.eclipse.ui.workbench,3.6.0.I20100603-1100,"",1490294237963
activated,workbench,org.eclipse.ui.workbench,3.6.0.I20100603-1100,"",1490294299743
executed,command,org.eclipse.ui,3.6.0.I20100603-1100,"org.eclipse.ui.file.save",1490294326626
deactivated,workbench,org.eclipse.ui.workbench,3.6.0.I20100603-1100,"",1490294329106
activated,workbench,org.eclipse.ui.workbench,3.6.0.I20100603-1100,"",1490294335609
deactivated,workbench,org.eclipse.ui.workbench,3.6.0.I20100603-1100,"",1490294338684
activated,workbench,org.eclipse.ui.workbench,3.6.0.I20100603-1100,"",1490294369372
deactivated,workbench,org.eclipse.ui.workbench,3.6.0.I20100603-1100,"",1490294399980
activated,workbench,org.eclipse.ui.workbench,3.6.0.I20100603-1100,"",1490294712442
deactivated,workbench,org.eclipse.ui.workbench,3.6.0.I20100603-1100,"",1490294857814
activated,workbench,org.eclipse.ui.workbench,3.6.0.I20100603-1100,"",1490294869867
executed,command,org.eclipse.ui,3.6.0.I20100603-1100,"org.eclipse.ui.file.save",1490294889097
deactivated,workbench,org.eclipse.ui.workbench,3.6.0.I20100603-1100,"",1490294890395
activated,workbench,org.eclipse.ui.workbench,3.6.0.I20100603-1100,"",1490294976816
deactivated,workbench,org.eclipse.ui.workbench,3.6.0.I20100603-1100,"",1490294991127
activated,workbench,org.eclipse.ui.workbench,3.6.0.I20100603-1100,"",1490295026434
deactivated,workbench,org.eclipse.ui.workbench,3.6.0.I20100603-1100,"",1490295029448
activated,workbench,org.eclipse.ui.workbench,3.6.0.I20100603-1100,"",1490295031565
deactivated,workbench,org.eclipse.ui.workbench,3.6.0.I20100603-1100,"",1490295037362
activated,workbench,org.eclipse.ui.workbench,3.6.0.I20100603-1100,"",1490295125837
deactivated,workbench,org.eclipse.ui.workbench,3.6.0.I20100603-1100,"",1490295131754
activated,workbench,org.eclipse.ui.workbench,3.6.0.I20100603-1100,"",1490295141169
deactivated,workbench,org.eclipse.ui.workbench,3.6.0.I20100603-1100,"",1490295145159
activated,workbench,org.eclipse.ui.workbench,3.6.0.I20100603-1100,"",1490295146426
executed,command,org.eclipse.ui,3.6.0.I20100603-1100,"org.eclipse.ui.file.save",1490295188010
deactivated,workbench,org.eclipse.ui.workbench,3.6.0.I20100603-1100,"",1490295189487
activated,workbench,org.eclipse.ui.workbench,3.6.0.I20100603-1100,"",1490295206288
executed,command,org.eclipse.ui,3.6.0.I20100603-1100,"org.eclipse.ui.file.save",1490295261368
executed,command,org.eclipse.ui,3.6.0.I20100603-1100,"org.eclipse.ui.edit.copy",1490295271233
executed,command,org.eclipse.ui,3.6.0.I20100603-1100,"org.eclipse.ui.edit.paste",1490295278857
executed,command,org.eclipse.ui,3.6.0.I20100603-1100,"org.eclipse.ui.file.save",1490295286013
deactivated,workbench,org.eclipse.ui.workbench,3.6.0.I20100603-1100,"",1490295287527
activated,workbench,org.eclipse.ui.workbench,3.6.0.I20100603-1100,"",1490295457923
deactivated,workbench,org.eclipse.ui.workbench,3.6.0.I20100603-1100,"",1490295469600
activated,workbench,org.eclipse.ui.workbench,3.6.0.I20100603-1100,"",1490295477571
deactivated,workbench,org.eclipse.ui.workbench,3.6.0.I20100603-1100,"",1490295526233
activated,workbench,org.eclipse.ui.workbench,3.6.0.I20100603-1100,"",1490295538669
deactivated,workbench,org.eclipse.ui.workbench,3.6.0.I20100603-1100,"",1490295573454
activated,workbench,org.eclipse.ui.workbench,3.6.0.I20100603-1100,"",1490295589161
executed,command,org.eclipse.ui,3.6.0.I20100603-1100,"org.eclipse.ui.file.save",1490295671745
deactivated,workbench,org.eclipse.ui.workbench,3.6.0.I20100603-1100,"",1490295674388
activated,workbench,org.eclipse.ui.workbench,3.6.0.I20100603-1100,"",1490295697292
executed,command,org.eclipse.ui,3.6.0.I20100603-1100,"org.eclipse.ui.file.save",1490295724908
deactivated,workbench,org.eclipse.ui.workbench,3.6.0.I20100603-1100,"",1490295739216
activated,workbench,org.eclipse.ui.workbench,3.6.0.I20100603-1100,"",1490295742345
activated,editor,org.eclipse.php.ui,2.2.0.v20100616-1900,"org.eclipse.php.editor",1490295742480
closed,editor,org.eclipse.php.ui,2.2.0.v20100616-1900,"org.eclipse.php.editor",1490295742480
executed,command,org.eclipse.ui,3.6.0.I20100603-1100,"org.eclipse.ui.file.close",1490295742535
deactivated,workbench,org.eclipse.ui.workbench,3.6.0.I20100603-1100,"",1490295753304
activated,workbench,org.eclipse.ui.workbench,3.6.0.I20100603-1100,"",1490295759098
opened,editor,org.eclipse.php.ui,2.2.0.v20100616-1900,"org.eclipse.php.editor",1490295759762
activated,editor,org.eclipse.php.ui,2.2.0.v20100616-1900,"org.eclipse.php.editor",1490295759843
executed,command,org.eclipse.ui.ide,3.6.0.I20100601-0800,"org.eclipse.ui.edit.text.openLocalFile",1490295759844
deactivated,workbench,org.eclipse.ui.workbench,3.6.0.I20100603-1100,"",1490295763500
activated,workbench,org.eclipse.ui.workbench,3.6.0.I20100603-1100,"",1490295782191
deactivated,workbench,org.eclipse.ui.workbench,3.6.0.I20100603-1100,"",1490295783394
activated,workbench,org.eclipse.ui.workbench,3.6.0.I20100603-1100,"",1490295785946
executed,command,org.eclipse.ui,3.6.0.I20100603-1100,"org.eclipse.ui.edit.copy",1490295799739
executed,command,org.eclipse.ui,3.6.0.I20100603-1100,"org.eclipse.ui.edit.paste",1490295801964
executed,command,org.eclipse.ui,3.6.0.I20100603-1100,"org.eclipse.ui.file.save",1490295813440
deactivated,workbench,org.eclipse.ui.workbench,3.6.0.I20100603-1100,"",1490295815254
activated,workbench,org.eclipse.ui.workbench,3.6.0.I20100603-1100,"",1490295826800
deactivated,workbench,org.eclipse.ui.workbench,3.6.0.I20100603-1100,"",1490295860242
activated,workbench,org.eclipse.ui.workbench,3.6.0.I20100603-1100,"",1490295863269
activated,editor,org.eclipse.php.ui,2.2.0.v20100616-1900,"org.eclipse.php.editor",1490295875091
executed,command,org.eclipse.ui,3.6.0.I20100603-1100,"org.eclipse.ui.edit.copy",1490295881892
activated,editor,org.eclipse.php.ui,2.2.0.v20100616-1900,"org.eclipse.php.editor",1490295883755
executed,command,org.eclipse.ui,3.6.0.I20100603-1100,"org.eclipse.ui.edit.paste",1490295891011
